scenario_id,jaccard_C1_C3,C3_extension_vs_C1,retained_C1,retained_C2,retained_C3
L50_Ts120_Tr50p0_dT5_F1p0_LP30,0.805,0.195,0.805,0.85375,1.0
L50_Ts120_Tr60p0_dT5_F1p0_LP30,0.815,0.185,0.815,0.84,1.0
L50_Ts130_Tr50p0_dT5_F1p0_LP30,0.7618403247631935,0.22,0.70375,0.74625,0.92375
L50_Ts130_Tr60p0_dT5_F1p0_LP30,0.6975,0.3025,0.6975,0.72,1.0
L75_Ts120_Tr50p0_dT5_F1p0_LP30,1.0,0.0,1.0,1.0,1.0
L75_Ts120_Tr60p0_dT5_F1p0_LP30,1.0,0.0,1.0,1.0,1.0
L75_Ts130_Tr50p0_dT5_F1p0_LP30,0.9025,0.0975,0.9025,0.9575,1.0
L75_Ts130_Tr60p0_dT5_F1p0_LP30,0.915,0.085,0.915,0.9575,1.0
L100_Ts120_Tr50p0_dT5_F1p0_LP30,1.0,0.0,1.0,1.0,1.0
L100_Ts120_Tr60p0_dT5_F1p0_LP30,1.0,0.0,1.0,1.0,1.0
L100_Ts130_Tr50p0_dT5_F1p0_LP30,1.0,0.0,1.0,1.0,1.0
L100_Ts130_Tr60p0_dT5_F1p0_LP30,1.0,0.0,1.0,1.0,1.0
