domain_role,scheme_row,scheme_col,jaccard
scheme_union,C1,C1,1.0
scheme_union,C1,C2,1.0
scheme_union,C1,C3,1.0
scheme_union,C2,C1,1.0
scheme_union,C2,C2,1.0
scheme_union,C2,C3,1.0
scheme_union,C3,C1,1.0
scheme_union,C3,C2,1.0
scheme_union,C3,C3,1.0
fixed_load_frac_0.75,C1,C1,1.0
fixed_load_frac_0.75,C1,C2,0.9425587467362925
fixed_load_frac_0.75,C1,C3,0.9025
fixed_load_frac_0.75,C2,C1,0.9425587467362925
fixed_load_frac_0.75,C2,C2,1.0
fixed_load_frac_0.75,C2,C3,0.9575
fixed_load_frac_0.75,C3,C1,0.9025
fixed_load_frac_0.75,C3,C2,0.9575
fixed_load_frac_0.75,C3,C3,1.0
