scheme,load_frac,T_supply_max_C,T_return_C,temperature_flow_rejections,low_grade_rejections,high_grade_rejections,source_rejections,total_rejections,dominant_constraint,dominant_label
S1,0.5,120.0,50.0,0.0,0.0,1.0,0.0,1.0,high_grade_rejections,High-grade heat
S1,0.5,120.0,60.0,0.0,0.0,1.0,0.0,1.0,high_grade_rejections,High-grade heat
S1,0.5,130.0,50.0,0.0,0.0,1.0,0.0,1.0,high_grade_rejections,High-grade heat
S1,0.5,130.0,60.0,0.0,0.0,1.0,0.0,1.0,high_grade_rejections,High-grade heat
S1,0.75,120.0,50.0,0.04878048780487805,0.0,0.9512195121951219,0.0,1.0,high_grade_rejections,High-grade heat
S1,0.75,120.0,60.0,0.0851063829787234,0.0,0.9148936170212766,0.0,1.0,high_grade_rejections,High-grade heat
S1,0.75,130.0,50.0,0.0,0.0,1.0,0.0,1.0,high_grade_rejections,High-grade heat
S1,0.75,130.0,60.0,0.0,0.0,1.0,0.0,1.0,high_grade_rejections,High-grade heat
S1,1.0,120.0,50.0,0.10909090909090909,0.0,0.8909090909090909,0.0,1.0,high_grade_rejections,High-grade heat
S1,1.0,120.0,60.0,0.10526315789473684,0.0,0.8947368421052632,0.0,1.0,high_grade_rejections,High-grade heat
S1,1.0,130.0,50.0,0.0392156862745098,0.0,0.9607843137254902,0.0,1.0,high_grade_rejections,High-grade heat
S1,1.0,130.0,60.0,0.03636363636363636,0.0,0.9636363636363636,0.0,1.0,high_grade_rejections,High-grade heat
S2a,0.5,120.0,50.0,0.0,0.8805439835464091,0.11945601645359093,0.0,1.0,low_grade_rejections,Low-grade heat
S2a,0.5,120.0,60.0,0.0,0.8640359279921042,0.13596407200789573,0.0,0.9999999999999999,low_grade_rejections,Low-grade heat
S2a,0.5,130.0,50.0,0.0,0.8805439835464091,0.11945601645359093,0.0,1.0,low_grade_rejections,Low-grade heat
S2a,0.5,130.0,60.0,0.0,0.8640359279921042,0.13596407200789573,0.0,0.9999999999999999,low_grade_rejections,Low-grade heat
S2a,0.75,120.0,50.0,0.016193054118610318,0.5553267013520837,0.42848024452930605,0.0,1.0,low_grade_rejections,Low-grade heat
S2a,0.75,120.0,60.0,0.01349716166512278,0.5666413562151409,0.41986148211973634,0.0,1.0,low_grade_rejections,Low-grade heat
S2a,0.75,130.0,50.0,0.0,0.5634837696505707,0.4365162303494293,0.0,1.0,low_grade_rejections,Low-grade heat
S2a,0.75,130.0,60.0,0.0,0.5742834680766759,0.4257165319233241,0.0,1.0,low_grade_rejections,Low-grade heat
S2a,1.0,120.0,50.0,0.032660100963012965,0.42205753939675467,0.5452823596402323,0.0,1.0,high_grade_rejections,High-grade heat
S2a,1.0,120.0,60.0,0.02500850537236915,0.43395460516305157,0.5410368894645793,0.0,1.0,high_grade_rejections,High-grade heat
S2a,1.0,130.0,50.0,0.012294748886267033,0.43081397460725096,0.5568912765064821,0.0,1.0,high_grade_rejections,High-grade heat
S2a,1.0,130.0,60.0,0.01059615935352408,0.4400705208352241,0.5493333198112519,0.0,1.0,high_grade_rejections,High-grade heat
S2b,0.5,120.0,50.0,0.031913712695581416,0.9680862873044185,0.0,0.0,0.9999999999999999,low_grade_rejections,Low-grade heat
S2b,0.5,120.0,60.0,0.038598511673092264,0.9614014883269077,0.0,0.0,1.0,low_grade_rejections,Low-grade heat
S2b,0.5,130.0,50.0,0.0,1.0,0.0,0.0,1.0,low_grade_rejections,Low-grade heat
S2b,0.5,130.0,60.0,0.0053234784308316945,0.9946765215691682,0.0,0.0,0.9999999999999999,low_grade_rejections,Low-grade heat
S2b,0.75,120.0,50.0,0.11151601426623223,0.6767447723467397,0.21173921338702809,0.0,1.0,low_grade_rejections,Low-grade heat
S2b,0.75,120.0,60.0,0.07784278010187398,0.7085429077466107,0.21361431215151533,0.0,1.0,low_grade_rejections,Low-grade heat
S2b,0.75,130.0,50.0,0.07718863777727597,0.7029387604719817,0.21987260175074247,0.0,1.0,low_grade_rejections,Low-grade heat
S2b,0.75,130.0,60.0,0.05262954745780391,0.7274056424888489,0.21996481005334725,0.0,1.0,low_grade_rejections,Low-grade heat
S2b,1.0,120.0,50.0,0.08897207228825789,0.5355141882517034,0.3755137394600387,0.0,1.0,low_grade_rejections,Low-grade heat
S2b,1.0,120.0,60.0,0.0692761509620839,0.555790961429766,0.3749328876081501,0.0,1.0,low_grade_rejections,Low-grade heat
S2b,1.0,130.0,50.0,0.06786506474237826,0.5482465816050396,0.38388835365258206,0.0,1.0,low_grade_rejections,Low-grade heat
S2b,1.0,130.0,60.0,0.05275261860479406,0.5661325498412136,0.3811148315539924,0.0,1.0,low_grade_rejections,Low-grade heat
