load_frac,scheme,q25,q50,q75,p25,p50,p75
0.5,S1,120.73603451173499,129.0626575815098,137.38928065128462,22.149125484458285,22.283247786663278,22.417370088868275
0.5,S2a,125.42219144129989,137.34259845580348,149.2630054703071,20.292918651028373,20.841352786459925,21.389786921891478
0.5,S2b,168.64466298237815,175.3904495016733,177.75641459649626,29.473535358214043,29.68934226419911,29.82965786045512
0.75,S1,155.36673886841888,164.24483823232853,170.90341275526077,23.501798640325315,23.56966941413091,23.660163779205025
0.75,S2a,162.35930675947887,170.97235227857084,179.390121884372,21.40749166951031,21.753233511359245,22.042697622830932
0.75,S2b,168.87584769546038,175.2581614418931,181.50894575205544,26.907365019134694,27.758682866938955,28.702266536499245
1.0,S1,160.54038633045332,163.95613923110128,170.78764503239717,24.354753849446947,24.403471232832715,24.42782992452561
1.0,S2a,169.00048521402996,175.23627107587012,181.46264975848106,22.28994432314504,22.551413296817362,23.038786472514094
1.0,S2b,168.84255534981764,175.0284633544857,181.3296115763247,28.422972269053272,29.6550774317898,31.23520288723961
