scenario_id,load_frac,T_supply_max_C,T_return_C,pinch_K,flow_multiplier,lp_min_frac,scheme,n,m,source_count,coupled_count,source_coverage,coupled_coverage,Qcap_MW,max_coupled_Q_MW,mean_min_deltaP_per_Q,stratum
L50_Ts120_Tr50p0_dT5_F1p0_LP30,0.5,120.0,50.0,5.0,1.0,0.3,S1,800,1201,758,644,0.9475,0.805,141.33449147980542,141.3258,0.232221630347685,main_reference
L50_Ts120_Tr50p0_dT5_F1p0_LP30,0.5,120.0,50.0,5.0,1.0,0.3,S2a,800,1201,769,683,0.96125,0.85375,149.89721778660652,149.88434999999998,0.1622868494898879,main_reference
L50_Ts120_Tr50p0_dT5_F1p0_LP30,0.5,120.0,50.0,5.0,1.0,0.3,S2b,800,1201,800,800,1.0,1.0,175.55999999984033,175.56,0.1993117616165577,main_reference
L50_Ts120_Tr60p0_dT5_F1p0_LP30,0.5,120.0,60.0,5.0,1.0,0.3,S1,800,1201,800,652,1.0,0.815,122.66377154020172,122.64119999999998,0.2337289798943852,main_reference
L50_Ts120_Tr60p0_dT5_F1p0_LP30,0.5,120.0,60.0,5.0,1.0,0.3,S2a,800,1201,800,672,1.0,0.84,126.57559149164956,126.4032,0.1762608943425552,main_reference
L50_Ts120_Tr60p0_dT5_F1p0_LP30,0.5,120.0,60.0,5.0,1.0,0.3,S2b,800,1201,800,800,1.0,1.0,150.47999999986314,150.48,0.2240594700396181,main_reference
L50_Ts130_Tr50p0_dT5_F1p0_LP30,0.5,130.0,50.0,5.0,1.0,0.3,S1,800,1201,664,563,0.83,0.70375,141.33449147980542,141.2004,0.2322292049685227,main_reference
L50_Ts130_Tr50p0_dT5_F1p0_LP30,0.5,130.0,50.0,5.0,1.0,0.3,S2a,800,1201,672,597,0.84,0.74625,149.89721778660652,149.7276,0.1622532483474232,main_reference
L50_Ts130_Tr50p0_dT5_F1p0_LP30,0.5,130.0,50.0,5.0,1.0,0.3,S2b,800,1201,739,739,0.92375,0.92375,185.48978373418555,185.3412,0.2033697804995729,main_reference
L50_Ts130_Tr60p0_dT5_F1p0_LP30,0.5,130.0,60.0,5.0,1.0,0.3,S1,800,1201,758,558,0.9475,0.6975,122.66377154019212,122.4531,0.233741604262448,main_reference
L50_Ts130_Tr60p0_dT5_F1p0_LP30,0.5,130.0,60.0,5.0,1.0,0.3,S2a,800,1201,769,576,0.96125,0.72,126.57559149168034,126.4032,0.1762699988626724,main_reference
L50_Ts130_Tr60p0_dT5_F1p0_LP30,0.5,130.0,60.0,5.0,1.0,0.3,S2b,800,1201,800,800,1.0,1.0,175.55999999984033,175.56,0.2333771478089122,main_reference
L75_Ts120_Tr50p0_dT5_F1p0_LP30,0.75,120.0,50.0,5.0,1.0,0.3,S1,800,1201,800,800,1.0,1.0,175.55999999984033,175.56,0.2434795620828538,main_reference
L75_Ts120_Tr50p0_dT5_F1p0_LP30,0.75,120.0,50.0,5.0,1.0,0.3,S2a,800,1201,800,800,1.0,1.0,175.55999999984033,175.56,0.16008859851184,main_reference
L75_Ts120_Tr50p0_dT5_F1p0_LP30,0.75,120.0,50.0,5.0,1.0,0.3,S2b,800,1201,800,800,1.0,1.0,175.55999999984033,175.56,0.1779123450317278,main_reference
L75_Ts120_Tr60p0_dT5_F1p0_LP30,0.75,120.0,60.0,5.0,1.0,0.3,S1,800,1201,800,800,1.0,1.0,150.47999999986314,150.48,0.2447593605967349,main_reference
L75_Ts120_Tr60p0_dT5_F1p0_LP30,0.75,120.0,60.0,5.0,1.0,0.3,S2a,800,1201,800,800,1.0,1.0,150.47999999986314,150.48,0.1678866714017879,main_reference
L75_Ts120_Tr60p0_dT5_F1p0_LP30,0.75,120.0,60.0,5.0,1.0,0.3,S2b,800,1201,800,800,1.0,1.0,150.47999999986314,150.48,0.191418791007519,main_reference
L75_Ts130_Tr50p0_dT5_F1p0_LP30,0.75,130.0,50.0,5.0,1.0,0.3,S1,800,1201,800,722,1.0,0.9025,181.16691129766696,181.0776,0.2431967601640561,main_reference
L75_Ts130_Tr50p0_dT5_F1p0_LP30,0.75,130.0,50.0,5.0,1.0,0.3,S2a,800,1201,800,766,1.0,0.9575,192.3470194530409,192.1128,0.1638084974134753,main_reference
L75_Ts130_Tr50p0_dT5_F1p0_LP30,0.75,130.0,50.0,5.0,1.0,0.3,S2b,800,1201,800,800,1.0,1.0,200.63999999981752,200.64,0.1881091712203977,main_reference
L75_Ts130_Tr60p0_dT5_F1p0_LP30,0.75,130.0,60.0,5.0,1.0,0.3,S1,800,1201,800,732,1.0,0.915,160.83727546073197,160.6374,0.2442400915367956,main_reference
L75_Ts130_Tr60p0_dT5_F1p0_LP30,0.75,130.0,60.0,5.0,1.0,0.3,S2a,800,1201,800,766,1.0,0.9575,168.26269758447137,168.09869999999998,0.1724814688029206,main_reference
L75_Ts130_Tr60p0_dT5_F1p0_LP30,0.75,130.0,60.0,5.0,1.0,0.3,S2b,800,1201,800,800,1.0,1.0,175.55999999984033,175.56,0.2032724042387739,main_reference
L100_Ts120_Tr50p0_dT5_F1p0_LP30,1.0,120.0,50.0,5.0,1.0,0.3,S1,800,1201,800,800,1.0,1.0,175.55999999984033,175.56,0.2494592216131967,main_reference
L100_Ts120_Tr50p0_dT5_F1p0_LP30,1.0,120.0,50.0,5.0,1.0,0.3,S2a,800,1201,800,800,1.0,1.0,175.55999999984033,175.56,0.1539092224039206,main_reference
L100_Ts120_Tr50p0_dT5_F1p0_LP30,1.0,120.0,50.0,5.0,1.0,0.3,S2b,800,1201,800,800,1.0,1.0,175.55999999984033,175.56,0.1644943814140709,main_reference
L100_Ts120_Tr60p0_dT5_F1p0_LP30,1.0,120.0,60.0,5.0,1.0,0.3,S1,800,1201,800,800,1.0,1.0,150.47999999986314,150.48,0.2503546020028701,main_reference
L100_Ts120_Tr60p0_dT5_F1p0_LP30,1.0,120.0,60.0,5.0,1.0,0.3,S2a,800,1201,800,800,1.0,1.0,150.47999999986314,150.48,0.1583916270591064,main_reference
L100_Ts120_Tr60p0_dT5_F1p0_LP30,1.0,120.0,60.0,5.0,1.0,0.3,S2b,800,1201,800,800,1.0,1.0,150.47999999986314,150.48,0.1721733179660448,main_reference
L100_Ts130_Tr50p0_dT5_F1p0_LP30,1.0,130.0,50.0,5.0,1.0,0.3,S1,800,1201,800,800,1.0,1.0,200.63999999981752,200.64,0.2485638412235233,main_reference
L100_Ts130_Tr50p0_dT5_F1p0_LP30,1.0,130.0,50.0,5.0,1.0,0.3,S2a,800,1201,800,800,1.0,1.0,200.63999999981752,200.64,0.1592506836817267,main_reference
L100_Ts130_Tr50p0_dT5_F1p0_LP30,1.0,130.0,50.0,5.0,1.0,0.3,S2b,800,1201,800,800,1.0,1.0,200.63999999981752,200.64,0.1741920960106022,main_reference
L100_Ts130_Tr60p0_dT5_F1p0_LP30,1.0,130.0,60.0,5.0,1.0,0.3,S1,800,1201,800,800,1.0,1.0,175.55999999984033,175.56,0.2494592216131967,main_reference
L100_Ts130_Tr60p0_dT5_F1p0_LP30,1.0,130.0,60.0,5.0,1.0,0.3,S2a,800,1201,800,800,1.0,1.0,175.55999999984033,175.56,0.1648413321237098,main_reference
L100_Ts130_Tr60p0_dT5_F1p0_LP30,1.0,130.0,60.0,5.0,1.0,0.3,S2b,800,1201,800,800,1.0,1.0,175.55999999984033,175.56,0.1839338065956728,main_reference
