scenario_id,load_frac,T_supply_max_C,T_return_C,pinch_K,flow_multiplier,lp_min_frac,scheme,accepted_nonzero_points,nonzero_points,accepted_fraction_after_source,Q_max_MW,electric_span_MW,electric_penalty_at_Q_max,high_heat_share_mean,min_high_grade_margin_K,min_low_grade_margin_K,temperature_flow_rejections,low_grade_rejections,high_grade_rejections,source_rejections,seq_supply,seq_low,seq_high
L50_Ts120_Tr50p0_dT5_F1p0_LP30,0.5,120.0,50.0,5.0,1.0,0.3,S1,33,40,0.8354430379746836,137.38928065128462,29.419044209019546,0.22149125484458285,1.0,2.128038409054682,,0.0,0.0,1.0,0.0,0,0,7
L50_Ts120_Tr50p0_dT5_F1p0_LP30,0.5,120.0,50.0,5.0,1.0,0.3,S2a,1008,1640,0.44064702706184333,149.2630054703071,30.5264135760101,0.20292918651028374,0.6663510124090879,0.02446477092311028,0.0036415834380463252,0.0,0.8805439835464091,0.11945601645359093,0.0,0,579,53
L50_Ts120_Tr50p0_dT5_F1p0_LP30,0.5,120.0,50.0,5.0,1.0,0.3,S2b,1024,1640,0.4798118874475333,175.3904495016733,51.54182043074462,0.2968934226419911,0.7006671683930815,16.698649829274544,0.023652927335149343,0.031913712695581416,0.9680862873044185,0.0,0.0,21,595,0
L50_Ts120_Tr60p0_dT5_F1p0_LP30,0.5,120.0,60.0,5.0,1.0,0.3,S1,29,40,0.7341772151898734,120.73603451173499,26.054363722491303,0.22417370088868274,1.0,1.02270370779015,,0.0,0.0,1.0,0.0,4,0,7
L50_Ts120_Tr60p0_dT5_F1p0_LP30,0.5,120.0,60.0,5.0,1.0,0.3,S2a,698,1640,0.22958129647476538,125.42219144129989,26.621081022183944,0.2138978692189148,0.7196687745442859,0.45072587048009183,0.03271971819484776,0.0,0.8640359279921042,0.13596407200789573,0.0,138,774,30
L50_Ts120_Tr60p0_dT5_F1p0_LP30,0.5,120.0,60.0,5.0,1.0,0.3,S2b,699,1640,0.24570221012665527,148.40730342449277,44.36365620899187,0.3025060464922316,0.7473570872824579,21.808672640678594,0.03694156821566885,0.038598511673092264,0.9614014883269077,0.0,0.0,207,734,0
L50_Ts130_Tr50p0_dT5_F1p0_LP30,0.5,130.0,50.0,5.0,1.0,0.3,S1,33,40,0.8354430379746836,137.38928065128462,29.419044209019546,0.22149125484458285,1.0,2.128038409054682,,0.0,0.0,1.0,0.0,0,0,7
L50_Ts130_Tr50p0_dT5_F1p0_LP30,0.5,130.0,50.0,5.0,1.0,0.3,S2a,1008,1640,0.44064702706184333,149.2630054703071,30.5264135760101,0.20292918651028374,0.6663510124090879,0.02446477092311028,0.0036415834380463252,0.0,0.8805439835464091,0.11945601645359093,0.0,0,579,53
L50_Ts130_Tr50p0_dT5_F1p0_LP30,0.5,130.0,50.0,5.0,1.0,0.3,S2b,1040,1640,0.49641302141918947,184.8543098809651,53.23016006796493,0.28826114640258854,0.7075678888321224,12.383683938185314,0.023652927335149343,0.0,1.0,0.0,0.0,0,600,0
L50_Ts130_Tr60p0_dT5_F1p0_LP30,0.5,130.0,60.0,5.0,1.0,0.3,S1,29,40,0.7341772151898734,120.73603451173499,26.054363722491303,0.22417370088868274,1.0,1.02270370779015,,0.0,0.0,1.0,0.0,0,0,11
L50_Ts130_Tr60p0_dT5_F1p0_LP30,0.5,130.0,60.0,5.0,1.0,0.3,S2a,698,1640,0.22958129647476538,125.42219144129989,26.621081022183944,0.2138978692189148,0.7196687745442859,0.45072587048009183,0.03271971819484776,0.0,0.8640359279921042,0.13596407200789573,0.0,0,900,42
L50_Ts130_Tr60p0_dT5_F1p0_LP30,0.5,130.0,60.0,5.0,1.0,0.3,S2b,719,1640,0.26743830050473694,175.3904495016733,51.54182043074462,0.2968934226419911,0.7649196978988674,6.698649829274544,0.03694156821566885,0.0053234784308316945,0.9946765215691682,0.0,0.0,21,900,0
L75_Ts120_Tr50p0_dT5_F1p0_LP30,0.75,120.0,50.0,5.0,1.0,0.3,S1,19,40,0.4810126582278481,168.68388791428336,37.44877321541759,0.23524422231593853,1.0,6.150701649960979,,0.04878048780487805,0.0,0.9512195121951219,0.0,21,0,0
L75_Ts120_Tr50p0_dT5_F1p0_LP30,0.75,120.0,50.0,5.0,1.0,0.3,S2a,643,1640,0.1768182296524663,175.5538531233744,38.5250328241039,0.21833222604993677,0.6263407128152625,5.7563075611102335,0.023212621817222612,0.016193054118610318,0.5553267013520837,0.42848024452930605,0.0,817,180,0
L75_Ts120_Tr50p0_dT5_F1p0_LP30,0.75,120.0,50.0,5.0,1.0,0.3,S2b,605,1640,0.15831094637420257,175.34327360852774,52.75553429973962,0.2574068956340581,0.6262174618165744,44.347079125869826,0.417145731588473,0.11151601426623223,0.6767447723467397,0.21173921338702809,0.0,860,175,0
L75_Ts120_Tr60p0_dT5_F1p0_LP30,0.75,120.0,60.0,5.0,1.0,0.3,S1,16,40,0.4050632911392405,142.0495898225544,31.56884909709885,0.23795905326816205,1.0,9.166921364546198,,0.0851063829787234,0.0,0.9148936170212766,0.0,24,0,0
L75_Ts120_Tr60p0_dT5_F1p0_LP30,0.75,120.0,60.0,5.0,1.0,0.3,S2a,503,1640,0.11375359012930673,150.2646727366138,32.90981108980196,0.22671122676342698,0.6586517446141923,6.704369601125229,0.041297817562345074,0.01349716166512278,0.5666413562151409,0.41986148211973634,0.0,937,200,0
L75_Ts120_Tr60p0_dT5_F1p0_LP30,0.75,120.0,60.0,5.0,1.0,0.3,S2b,473,1640,0.10209676019273528,149.98424295606614,46.79570646134704,0.27296256837710986,0.6597462102938408,45.53448801190709,0.04325484916848765,0.07784278010187398,0.7085429077466107,0.21361431215151533,0.0,974,193,0
L75_Ts130_Tr50p0_dT5_F1p0_LP30,0.75,130.0,50.0,5.0,1.0,0.3,S1,20,40,0.5063291139240507,177.561987278193,39.3766112029237,0.23433927866519705,1.0,1.7797322751889624,,0.0,0.0,1.0,0.0,18,0,2
L75_Ts130_Tr50p0_dT5_F1p0_LP30,0.75,130.0,50.0,5.0,1.0,0.3,S2a,661,1640,0.18873472181151874,190.8989281673648,40.45287081161001,0.20610233424866814,0.6380855925602669,0.4436936006439538,0.023212621817222612,0.0,0.5634837696505707,0.4365162303494293,0.0,697,261,21
L75_Ts130_Tr50p0_dT5_F1p0_LP30,0.75,130.0,50.0,5.0,1.0,0.3,S2b,645,1640,0.1848836366055349,200.0059621826385,61.50387165268603,0.2822110889616693,0.6546523870492447,30.888380912147724,0.417145731588473,0.07718863777727597,0.7029387604719817,0.21987260175074247,0.0,746,249,0
L75_Ts130_Tr60p0_dT5_F1p0_LP30,0.75,130.0,60.0,5.0,1.0,0.3,S1,18,40,0.45569620253164556,159.8057885503737,35.50486686861137,0.23614916596667967,1.0,0.5050778619596628,,0.0,0.0,1.0,0.0,21,0,1
L75_Ts130_Tr60p0_dT5_F1p0_LP30,0.75,130.0,60.0,5.0,1.0,0.3,S2a,522,1640,0.12447189707595126,166.39085143376724,36.58112647729769,0.21673244417724807,0.6766461270594504,0.39099787993673374,0.041297817562345074,0.0,0.5742834680766759,0.4257165319233241,0.0,817,290,11
L75_Ts130_Tr60p0_dT5_F1p0_LP30,0.75,130.0,60.0,5.0,1.0,0.3,S2b,503,1640,0.11953023958158492,175.17304927525845,52.75553429973962,0.30145739457496196,0.6873837686357976,34.347079125869826,0.04325484916848765,0.05262954745780391,0.7274056424888489,0.21996481005334725,0.0,860,277,0
L100_Ts120_Tr50p0_dT5_F1p0_LP30,1.0,120.0,50.0,5.0,1.0,0.3,S1,12,40,0.3037974683544304,163.95613923110128,36.53030240736939,0.24403471232832716,1.0,22.155034729369135,,0.10909090909090909,0.0,0.8909090909090909,0.0,28,0,0
L100_Ts120_Tr50p0_dT5_F1p0_LP30,1.0,120.0,50.0,5.0,1.0,0.3,S2a,463,1640,0.09035714291624604,175.23627107587012,38.229273360211664,0.22551413296817363,0.5774722487070608,19.08830044868904,0.15629274618028433,0.032660100963012965,0.42205753939675467,0.5452823596402323,0.0,1112,65,0
L100_Ts120_Tr50p0_dT5_F1p0_LP30,1.0,120.0,50.0,5.0,1.0,0.3,S2b,433,1640,0.079471581476083,175.0284633544857,54.49654866896117,0.2842297226905327,0.5796185249106596,61.722695841763226,0.3262142301078441,0.08897207228825789,0.5355141882517034,0.3755137394600387,0.0,1141,66,0
L100_Ts120_Tr60p0_dT5_F1p0_LP30,1.0,120.0,60.0,5.0,1.0,0.3,S1,11,40,0.27848101265822783,150.2931276285095,33.34249105977085,0.2450090599960429,1.0,18.517385457993946,,0.10526315789473684,0.0,0.8947368421052632,0.0,29,0,0
L100_Ts120_Tr60p0_dT5_F1p0_LP30,1.0,120.0,60.0,5.0,1.0,0.3,S2a,379,1640,0.06271436556652622,150.2931276285095,35.041462012613124,0.2450090599960429,0.6047224767676684,18.517385457993946,0.15431132372080114,0.02500850537236915,0.43395460516305157,0.5410368894645793,0.0,1188,73,0
L100_Ts120_Tr60p0_dT5_F1p0_LP30,1.0,120.0,60.0,5.0,1.0,0.3,S2b,351,1640,0.054376332658619825,150.28483133581344,44.663187551189935,0.3088718259452633,0.5996248644750597,62.43061563677966,0.31455003892870437,0.0692761509620839,0.555790961429766,0.3749328876081501,0.0,1216,73,0
L100_Ts130_Tr50p0_dT5_F1p0_LP30,1.0,130.0,50.0,5.0,1.0,0.3,S1,14,40,0.35443037974683544,191.2821624362848,42.82604996163286,0.24208601699289645,1.0,9.371843254679604,,0.0392156862745098,0.0,0.9607843137254902,0.0,26,0,0
L100_Ts130_Tr50p0_dT5_F1p0_LP30,1.0,130.0,50.0,5.0,1.0,0.3,S2a,499,1640,0.1064153166402632,200.1417858063139,44.525020914475135,0.21505537402128072,0.6043007172460825,9.057785064362292,0.09507562784352075,0.012294748886267033,0.43081397460725096,0.5568912765064821,0.0,1034,107,0
L100_Ts130_Tr50p0_dT5_F1p0_LP30,1.0,130.0,50.0,5.0,1.0,0.3,S2b,468,1640,0.0946174885786315,200.23305624184178,64.15255395378426,0.3227926376537945,0.6089452626889698,47.94912167004169,0.3262142301078441,0.06786506474237826,0.5482465816050396,0.38388835365258206,0.0,1066,106,0
L100_Ts130_Tr60p0_dT5_F1p0_LP30,1.0,130.0,60.0,5.0,1.0,0.3,S1,12,40,0.3037974683544304,163.95613923110128,36.53030240736939,0.24403471232832716,1.0,12.155034729369135,,0.03636363636363636,0.0,0.9636363636363636,0.0,28,0,0
L100_Ts130_Tr60p0_dT5_F1p0_LP30,1.0,130.0,60.0,5.0,1.0,0.3,S2a,407,1640,0.07378366671128143,175.23627107587012,38.229273360211664,0.22551413296817363,0.6302502519333776,9.08830044868904,0.15431132372080114,0.01059615935352408,0.4400705208352241,0.5493333198112519,0.0,1112,121,0
L100_Ts130_Tr60p0_dT5_F1p0_LP30,1.0,130.0,60.0,5.0,1.0,0.3,S2b,382,1640,0.06597309965711948,175.0284633544857,54.49654866896117,0.2842297226905327,0.6315836180102398,51.722695841763226,0.31455003892870437,0.05275261860479406,0.5661325498412136,0.3811148315539924,0.0,1141,117,0
