case_id,N_modules,T_ambient_C,T_s_op_max_C,T_pipe_max_C,Q_ref_total_MW,DeltaQ_plus_total_MW,DeltaQ_minus_total_MW,Q_floor_total_MW,Q_ceiling_total_MW,note
Ta_-20.0_Top_130.0,14,-20,130,200,297.810243100032,21.875,45.5,252.310243100032,319.685243100032,N is post-scaling only; no dynamic boundary rerun
Ta_-20.0_Top_130.0,19,-20,130,200,404.171044207187,29.6875,61.75,342.421044207187,433.858544207187,N is post-scaling only; no dynamic boundary rerun
Ta_-20.0_Top_130.0,24,-20,130,200,510.531845314341,37.5,78,432.531845314341,548.031845314341,N is post-scaling only; no dynamic boundary rerun
Ta_-17.5_Top_130.0,14,-17.5,130,200,283.349123405858,28,44.625,238.724123405858,311.349123405858,N is post-scaling only; no dynamic boundary rerun
Ta_-17.5_Top_130.0,19,-17.5,130,200,384.545238907951,38,60.5625,323.982738907951,422.545238907951,N is post-scaling only; no dynamic boundary rerun
Ta_-17.5_Top_130.0,24,-17.5,130,200,485.741354410043,48,76.5,409.241354410043,533.741354410043,N is post-scaling only; no dynamic boundary rerun
Ta_-15.0_Top_130.0,14,-15,130,200,268.888003711623,34.125,44.1875,224.700503711623,303.013003711623,N is post-scaling only; no dynamic boundary rerun
Ta_-15.0_Top_130.0,19,-15,130,200,364.919433608631,46.3125,59.96875,304.950683608631,411.231933608631,N is post-scaling only; no dynamic boundary rerun
Ta_-15.0_Top_130.0,24,-15,130,200,460.950863505639,58.5,75.75,385.200863505639,519.450863505639,N is post-scaling only; no dynamic boundary rerun
Ta_-12.5_Top_130.0,14,-12.5,130,200,254.426884017417,39.8125,43.3125,211.114384017417,294.239384017417,N is post-scaling only; no dynamic boundary rerun
Ta_-12.5_Top_130.0,19,-12.5,130,200,345.293628309351,54.03125,58.78125,286.512378309351,399.324878309351,N is post-scaling only; no dynamic boundary rerun
Ta_-12.5_Top_130.0,24,-12.5,130,200,436.160372601286,68.25,74.25,361.910372601286,504.410372601286,N is post-scaling only; no dynamic boundary rerun
Ta_-10.0_Top_130.0,14,-10,130,200,239.96576432329,45.9375,42.4375,197.52826432329,285.90326432329,N is post-scaling only; no dynamic boundary rerun
Ta_-10.0_Top_130.0,19,-10,130,200,325.66782301018,62.34375,57.59375,268.07407301018,388.01157301018,N is post-scaling only; no dynamic boundary rerun
Ta_-10.0_Top_130.0,24,-10,130,200,411.369881697069,78.75,72.75,338.619881697069,490.119881697069,N is post-scaling only; no dynamic boundary rerun
Ta_-07.5_Top_130.0,14,-7.5,130,200,225.5046446292,51.625,41.5625,183.9421446292,277.1296446292,N is post-scaling only; no dynamic boundary rerun
Ta_-07.5_Top_130.0,19,-7.5,130,200,306.042017711057,70.0625,56.40625,249.635767711057,376.104517711057,N is post-scaling only; no dynamic boundary rerun
Ta_-07.5_Top_130.0,24,-7.5,130,200,386.579390792914,88.5,71.25,315.329390792914,475.079390792914,N is post-scaling only; no dynamic boundary rerun
Ta_-05.0_Top_130.0,14,-5,130,200,211.04352493493,57.3125,40.6875,170.35602493493,268.35602493493,N is post-scaling only; no dynamic boundary rerun
Ta_-05.0_Top_130.0,19,-5,130,200,286.416212411691,77.78125,55.21875,231.197462411691,364.197462411691,N is post-scaling only; no dynamic boundary rerun
Ta_-05.0_Top_130.0,24,-5,130,200,361.788899888452,98.25,69.75,292.038899888452,460.038899888452,N is post-scaling only; no dynamic boundary rerun
Ta_-02.5_Top_130.0,14,-2.5,130,200,196.582405240611,63,39.8125,156.769905240611,259.582405240611,N is post-scaling only; no dynamic boundary rerun
Ta_-02.5_Top_130.0,19,-2.5,130,200,266.790407112258,85.5,54.03125,212.759157112258,352.290407112257,N is post-scaling only; no dynamic boundary rerun
Ta_-02.5_Top_130.0,24,-2.5,130,200,336.998408983904,108,68.25,268.748408983904,444.998408983904,N is post-scaling only; no dynamic boundary rerun
Ta_+00.0_Top_130.0,14,0,130,200,182.121285546383,69.125,38.5,143.621285546383,251.246285546383,N is post-scaling only; no dynamic boundary rerun
Ta_+00.0_Top_130.0,19,0,130,200,247.164601812948,93.8125,52.25,194.914601812948,340.977101812948,N is post-scaling only; no dynamic boundary rerun
Ta_+00.0_Top_130.0,24,0,130,200,312.207918079513,118.5,66,246.207918079513,430.707918079513,N is post-scaling only; no dynamic boundary rerun
