case,kappa,load,J13,added_fixed_D,added_network_D,S1_fixed_D,S2a_fixed_D,S2b_fixed_D,S1_network_D,S2a_network_D,S2b_network_D
unscaled,1.0,0.5,,0.0,0.0,0.0,0.0,0.0,0.0,0.0,0.0
unscaled,1.0,0.75,0.3134318790482863,0.06317523620959951,0.2950259288685843,0.02884074047458828,0.04725087399527292,0.09201597668418779,0.13468515130744013,0.2206597683949712,0.42971108017602444
unscaled,1.0,1.0,0.48556343960361986,0.1101586268787778,0.5144365603948604,0.10397589496371945,0.1740588910694191,0.21413452184249726,0.4855634396021857,0.8128483421133319,0.9999999999970461
unscaled,1.0,union_of_three_loads,0.48556343960361986,0.1101586268787778,0.5144365603948604,0.10397589496371945,0.1740588910694191,0.21413452184249726,0.4855634396021857,0.8128483421133319,0.9999999999970461
historical_match,1.106979769992665,0.5,,0.0,0.0,0.0,0.0,0.0,0.0,0.0,0.0
historical_match,1.106979769992665,0.75,0.35887354789223586,0.038085551813367334,0.16066966201971394,0.021318566809655416,0.028235359905403244,0.05940411862302275,0.08993559922242818,0.11911513728977585,0.25060526124214216
historical_match,1.106979769992665,1.0,0.3829622842891904,0.14626421439507975,0.6170377157089869,0.09077836934161715,0.16605624301548655,0.2370425837366969,0.38296228428805923,0.7005333826408535,0.9999999999970463
historical_match,1.106979769992665,union_of_three_loads,0.3829622842891904,0.14626421439507975,0.6170377157089869,0.09077836934161715,0.16605624301548655,0.2370425837366969,0.38296228428805923,0.7005333826408535,0.9999999999970463
new_match_x0.8,0.8563939258553733,0.5,,0.0,0.0,0.0,0.0,0.0,0.0,0.0,0.0
new_match_x0.8,0.8563939258553733,0.75,0.27627081877230775,0.10559134867143888,0.5757952404143148,0.04030763040844268,0.0747553650896808,0.14589897907988156,0.21979965246753522,0.4076449818631347,0.79559489288185
new_match_x0.8,0.8563939258553733,1.0,0.6404321083160543,0.0659388198388408,0.3595678916828836,0.11744468398301866,0.17360217875210526,0.18338350382185944,0.6404321083141626,0.9466619141503119,0.9999999999970463
new_match_x0.8,0.8563939258553733,union_of_three_loads,0.6404321083160543,0.0659388198388408,0.3595678916828836,0.11744468398301866,0.17360217875210526,0.18338350382185944,0.6404321083141626,0.9466619141503119,0.9999999999970463
new_match_x0.9,0.9634431665872949,0.5,,0.0,0.0,0.0,0.0,0.0,0.0,0.0,0.0
new_match_x0.9,0.9634431665872949,0.75,0.30186550698017806,0.07362323115549887,0.3568634624933319,0.031833857545329025,0.05479457635855856,0.1054570887008279,0.15430374964325505,0.2655979904477472,0.511167212136587
new_match_x0.9,0.9634431665872949,1.0,0.5243585588014011,0.09812789330611275,0.47564144119719404,0.1081785484934791,0.17547442414839237,0.20630644179959184,0.5243585587998522,0.8505523270006842,0.9999999999970463
new_match_x0.9,0.9634431665872949,union_of_three_loads,0.5243585588014011,0.09812789330611275,0.47564144119719404,0.1081785484934791,0.17547442414839237,0.20630644179959184,0.5243585587998522,0.8505523270006842,0.9999999999970463
new_match_x1,1.0704924073192166,0.5,,0.0,0.0,0.0,0.0,0.0,0.0,0.0,0.0
new_match_x1,1.0704924073192166,0.75,0.3441186037712814,0.04565003376231858,0.19914564968298845,0.02395101609944564,0.03394442633126007,0.06960104986176423,0.10448493174234974,0.1480806097548829,0.30363058142533816
new_match_x1,1.0704924073192166,1.0,0.41535627962533367,0.13401751741219214,0.5846437203729393,0.0952118623651321,0.16942930495298975,0.22922937977732424,0.4153562796241067,0.7391256091041847,0.999999999997046
new_match_x1,1.0704924073192166,union_of_three_loads,0.41535627962533367,0.13401751741219214,0.5846437203729393,0.0952118623651321,0.16942930495298975,0.22922937977732424,0.4153562796241067,0.7391256091041847,0.999999999997046
new_match_x1.1,1.1775416480511383,0.5,,0.0,0.0,0.0,0.0,0.0,0.0,0.0,0.0
new_match_x1.1,1.1775416480511383,0.75,0.38066018000081275,0.02671609618701889,0.10595221342717247,0.016420313461328842,0.018916184417746118,0.04313640964834774,0.06512061284017702,0.07501887980290395,0.1710728262673495
new_match_x1.1,1.1775416480511383,1.0,0.3323712920027913,0.16504311204941713,0.6545373586819621,0.08216481965340466,0.15680506807004288,0.2472079317028218,0.32585391395441266,0.6218664554251757,0.9803912726363747
new_match_x1.1,1.1775416480511383,union_of_three_loads,0.3323712920027913,0.16504311204941713,0.6545373586819621,0.08216481965340466,0.15680506807004288,0.2472079317028218,0.32585391395441266,0.6218664554251757,0.9803912726363747
new_match_x1.2,1.28459088878306,0.5,,0.0,0.0,0.0,0.0,0.0,0.0,0.0,0.0
new_match_x1.2,1.28459088878306,0.75,0.30555432111378683,0.017483160514234965,0.06355773610973806,0.007692545874024712,0.008436840547530793,0.025175706388259677,0.027965241197392927,0.03067102682511546,0.09152297730713098
new_match_x1.2,1.28459088878306,1.0,0.28999136785167634,0.16979175663577006,0.6172556531228165,0.06934865511108301,0.1334843647245702,0.23914041174685308,0.25210793652135743,0.4852648936691127,0.8693635896441739
new_match_x1.2,1.28459088878306,union_of_three_loads,0.28999136785167634,0.16979175663577006,0.6172556531228165,0.06934865511108301,0.1334843647245702,0.23914041174685308,0.25210793652135743,0.4852648936691127,0.8693635896441739
