load,scheme,Q_source_max_MW,r_low,E0_kg_s,EL_kg_s,EH_kg_s
0.5,S1,166.5324613954965,0.0,69.78502933961904,0.0,0.0
0.5,S2a,168.78824212107762,0.014166666666666668,69.72829614453543,1.0700879470004478,0.0
0.5,S2b,185.48978373435423,0.0325,0.0,2.697819955274199,72.38450458281834
0.75,S1,355.123974556386,0.0,148.81385152150105,0.0,0.0
0.75,S2a,357.4818890803693,0.007500000000000001,148.67841548423584,1.1998443603996545,0.0
0.75,S2b,398.7237490828767,0.015833333333333335,0.0,2.8252316705793157,158.27611933165355
1.0,S1,546.5204641036709,0.0,229.0180923441769,0.0,0.0
1.0,S2a,550.1027931318815,0.006666666666666667,228.98246369054465,1.6412026060704124,0.0
1.0,S2b,621.3860401982116,0.015833333333333335,0.0,4.402946963811171,246.6634387233181
